Prenom;Nom;Username;ID;Chemin;Password
Utilisateur;Utilisateur1;Utilisateur-Utilisateur;500;"CN=Users,DC=AYOUB,DC=local";ITICparis30
Ayoub;Belbachir;Ayoub-Belbachir;457;"CN=Users,DC=AYOUB,DC=local";ITICparis210
Angelique;Barrus;Angelique-Barrus;423;"CN=Users,DC=AYOUB,DC=local";BTSsioitic92
Etta;Schlosser;Etta-Schlosser;312;"CN=Users,DC=AYOUB,DC=local";BTSsioitic921
Anallese;Koziara;Anallese-Koziara;213;"CN=Users,DC=AYOUB,DC=local";BTSsioitic928
Brynna;Campball;Brynna-Campball;215;"CN=Users,DC=AYOUB,DC=local";BTSsioitic925
Rani;Serilda;Rani-Serilda;225;"CN=Users,DC=AYOUB,DC=local";BTSsioitic929
Shichimiya;Satone;Shichimiya-Satone;54;"CN=Users,DC=AYOUB,DC=local";ITICparis214
Sharo;Kirima;Sharo-Kirima;1000;"CN=Users,DC=AYOUB,DC=local";ITICparis215
Nana;Deviluke;Nana-Deviluke;830;"CN=Users,DC=AYOUB,DC=local";ITICparis216
Yuna;Shiina;Yuna-Shiina;157;"CN=Users,DC=AYOUB,DC=local";ITICparis217
Yuno;Gasai;Yuno-Gasai;459;"CN=Users,DC=AYOUB,DC=local";ITICparis218
Kanjikino;Yami;Kanjikino-Yami;213;"CN=Users,DC=AYOUB,DC=local";ITICparis219
Rias;Gremory;Rias-Gremory;565;"CN=Users,DC=AYOUB,DC=local";ITICparis2111
Hinata;Hyuga;Hinata-Hyuga;676;"CN=Users,DC=AYOUB,DC=local";ITICparis2112
Riko;Suminoe;Riko-Suminoe;998;"CN=Users,DC=AYOUB,DC=local";ITICparis2113
Yumeko;Jabami;Yumeko-Jabami;2;"CN=Users,DC=AYOUB,DC=local";ITICparis2114
Nezuko;Kamado;Nezuko-Kamado;5;"CN=Users,DC=AYOUB,DC=local";ITICparis2115
Miku;Nakano;Miku-Nakano;12;"CN=Users,DC=AYOUB,DC=local";ITICparis2116
Zero;Two;Zero-Two;525;"CN=Users,DC=AYOUB,DC=local";ITICparis2117
Erza;Scarlet;Erza-Scarlet;111;"CN=Users,DC=AYOUB,DC=local";ITICparis2118
Chitoge;Kirisaki;Chitoge-Kirisaki;1;"CN=Users,DC=AYOUB,DC=local";ITICparis2119
Chizuru;Mizuhara;Chizuru-Mizuhara;333;"CN=Users,DC=AYOUB,DC=local";ITICparis2120
Mitsuri;Kanroji;Mitsuri-Kanroji;654;"CN=Users,DC=AYOUB,DC=local";ITICparis2121
Nico;Robin;Nico-Robin;999;"CN=Users,DC=AYOUB,DC=local";ITICparis2122
Shouko;Nishimiya;Shouki-Nishimiya;888;"CN=Users,DC=AYOUB,DC=local";ITICparis21223
Mai;Sakurajima;Mai-Sakurajima;777;"CN=Users,DC=AYOUB,DC=local";ITICparis2124
Himiko;Toga;Himiko-Toga;765;"CN=Users,DC=AYOUB,DC=local";ITICparis2125
Nemuri;Kayama;Nemury-Kayama;894;"CN=Users,DC=AYOUB,DC=local";ITICparis2126
Lucy;Kaede;Lucy-Kaede;894;"CN=Users,DC=AYOUB,DC=local";ITICparis2127
Boa;Hancock;Boa-Hancock;959;"CN=Users,DC=AYOUB,DC=local";ITICparis212
Lala;Deviluke;Lala-Deviluke;900;"CN=Users,DC=AYOUB,DC=local";ITICparis213